"TXR_PLAYER_ID","PLAYER_NAME_LF","PLAYER_IP","WAR","GAME_YEAR"
111808145,"Cousins, Jake",8,0.08,2022
111809473,"Zerpa, Angel",11,-0.04,2022
111805508,"Ginkel, Kevin",14,0.159,2022
111801568,"St. John, Locke",2,-0.148,2022
111801734,"Gage, Matthew",13,0.09,2022
111801521,"Rossman, Bubby",1,-0.139,2022
111796109,"Neuse, Sheldon",2,0.027,2022
111798558,"Fry, Paul",1,-0.009,2022
111781317,"Lamet, Dinelson",12,-0.139,2022
111807737,"Sanchez, Miguel",13,-0.27,2022
111807597,"Lopez, Nicky",1,-0.219,2022
111793482,"Alexander, Jason",58,0.197,2022
111807559,"Long, Sam",42,-0.321,2022
111815878,"Pop, Zachary",6,-0.027,2022
111792534,"Castillo, Luis",31,0.856,2022
111815690,"Faucher, Calvin",12,-0.308,2022
111793476,"Gonzalez, Chi Chi",7,-0.033,2022
110678452,"Simmons, Andrelton",1,-0.017,2022
111499029,"Freeland, Kyle",142,2.499,2022
110691563,"Gosselin, Phil",1,0.015,2022
110295669,"Adam, Jason",53,1.014,2022
76118597,"Tepera, Ryan",46,0.078,2022
41949,"Wilson, Justin",3,0.213,2022
41987,"Kershaw, Clayton",85,2.439,2022
4568,"Minaya, Juan",9,0.11,2022
76119324,"Hudson, Daniel",24,0.64,2022
111800738,"Swanson, Erik",43,1.294,2022
111808088,"White, Mitchell",23,0.479,2022
111796342,"King, Michael",51,1.206,2022
111796629,"VanMeter, Josh",3,-0.668,2022
111822634,"Cano, Yennier",13,-0.349,2022
111781230,"Manaea, Sean",134,1.063,2022
111798066,"Pruitt, Austin",39,-0.406,2022
111819411,"Coleman, Dylan",54,0.322,2022
111806260,"Kelley, Trevor",21,-0.505,2022
111815397,"Seabold, Connor",11,-0.188,2022
111807010,"Knizner, Andrew",0,0.003,2022
111815679,"Peacock, Matt",2,-0.137,2022
111812110,"Snider, Collin",25,0.103,2022
111806636,"Cabrera, Edward",44,0.457,2022
111793157,"Torrens, Luis",1,-0.129,2022
111808034,"Barlow, Joe",31,-0.076,2022
111806409,"Ashcraft, Graham",93,1.973,2022
109502081,"Weber, Ryan",7,-0.049,2022
109502545,"Barnes, Matt",29,0.138,2022
109502511,"Hand, Brad",39,0.261,2022
111498632,"Patton, Spencer",7,-0.121,2022
111672041,"Bielak, Brandon",10,0.032,2022
110691566,"deGrom, Jacob",36,1.703,2022
109503886,"Phelps, David",52,0.987,2022
110846989,"Davies, Zach",108,0.881,2022
110290482,"Garcia, Yimi",48,0.622,2022
110295278,"Velasquez, Vince",58,0.09,2022
111766351,"Springs, Jeffrey",101,1.787,2022
4777,"Myers, Wil",1,-0.302,2022
111766743,"Poche, Colin",47,-0.543,2022
111809019,"Puk, A.J.",53,0.591,2022
111808375,"Cavalli, Cade",4,0.072,2022
111808806,"Fishman, Jake",4,-0.004,2022
111795036,"Tate, Dillon",60,0.928,2022
111795901,"Rogers, Joshua",26,-0.51,2022
111796595,"Acevedo, Domingo",59,0.049,2022
111798531,"Brault, Steven",9,0.126,2022
111818920,"Woods, William",2,0.047,2022
111805874,"Muller, Kyle",7,0.011,2022
111802168,"Cleavinger, Garrett",4,-0.079,2022
111796898,"Megill, Tylor",41,0.631,2022
111797875,"Jax, Griffin",60,0.89,2022
111805973,"Herget, Jimmy",53,0.957,2022
111819803,"Gilbert, Logan",149,2.211,2022
111793112,"Reynolds, Matt",1,-0.04,2022
111793467,"Hearn, Taylor",85,0.449,2022
111815967,"Maton, Nick",1,0.013,2022
111807475,"Alexy, AJ",4,-0.018,2022
111799807,"Kay, Anthony",2,0.032,2022
111795800,"Kuhl, Chad",108,1.128,2022
111792464,"Duffey, Tyler",44,-0.24,2022
111807250,"Skubal, Tarik",117,3.192,2022
111805146,"Small, Ethan",6,-0.079,2022
109502409,"Jackson, Jay",1,0.042,2022
110816483,"Edwards Jr., Carl",50,0.196,2022
110816233,"Payamps, Joel",42,0.2,2022
111344924,"Holmes, Clay",51,0.926,2022
110294536,"Moran, Brian",0,-0.16,2022
111716126,"Reyes, Franmil",1,0.005,2022
111565988,"Woodruff, Brandon",108,2.8,2022
109501359,"Smith, Will",11,0.057,2022
4554,"Urena, Jose",7,-0.117,2022
34547,"Escobar, Alcides",1,-0.048,2022
47372,"Alvarez, Jose",15,-0.294,2022
34930,"Carrasco, Carlos",126,1.826,2022
111808130,"Uelmen, Erich",17,-0.207,2022
111801049,"Zabala, Aneurys",2,0.038,2022
111796111,"Guerra, Javier",2,-0.187,2022
111803390,"Hicks, Jordan",53,0.194,2022
111792229,"Steckenrider, Drew",14,-0.066,2022
111805370,"Padilla, Nicholas",1,-0.024,2022
111800222,"Cabrera, Genesis",44,-0.674,2022
111806148,"Ragans, Cole",18,-0.29,2022
111800294,"Abreu, Bryan",47,1.318,2022
111792810,"Kelly, Carson",3,-0.025,2022
111807876,"Rosenberg, Kenneth",10,0.02,2022
111810969,"Tetreault, Jackson",21,-0.146,2022
111792441,"Fried, Max",158,5.526,2022
111807539,"Frias, Luis",11,0.019,2022
111796022,"Littell, Zack",38,-0.145,2022
111332788,"Martin, Chris",31,0.547,2022
109502225,"Familia, Jeurys",34,-0.263,2022
110092061,"Farrell, Luke",9,0.04,2022
111766264,"Gordon, Nick",3,-0.171,2022
110295118,"Greene, Shane",1,-0.139,2022
111766596,"Suarez, Ranger",123,2.071,2022
110295017,"Thielbar, Caleb",47,0.925,2022
111716186,"Hernandez, Elieser",58,-1.563,2022
111766361,"Quantrill, Cal",149,1.951,2022
111766283,"Castillo, Luis",2,0.054,2022
28085,"Wainwright, Adam",163,3.056,2022
4776,"Owings, Chris",1,0.015,2022
46988,"Romo, Sergio",3,-0.096,2022
2747,"Bumgarner, Madison",136,0.818,2022
53574,"Adrianza, Ehire",1,0.004,2022
52427,"Kluber, Corey",134,1.832,2022
111808356,"Menez, Conner",1,0.005,2022
111801761,"Hentges, Sam",46,0.923,2022
111797260,"Hernandez, Jonathan",16,0.309,2022
111805204,"Llovera, Mauricio",16,0.109,2022
111796199,"Anderson, Shaun",1,0.016,2022
111812112,"Liberatore, Matthew",29,-0.03,2022
111781319,"Lauer, Eric",135,1.083,2022
111798973,"Alcantara, Sandy",185,4.665,2022
111792361,"Banda, Anthony",0,-0.044,2022
111792980,"Hader, Josh",5,-0.2,2022
111793075,"Flexen, Christopher",124,0.529,2022
111807001,"Kirby, George",102,2.382,2022
111792361,"Banda, Anthony",19,0.107,2022
111792554,"Phillips, Brett",4,-0.459,2022
111815689,"Walsh, Jake",2,0.044,2022
111807131,"Holderman, Colin",17,0.391,2022
111210523,"Mengden, Daniel",4,0.209,2022
110622061,"Gonzales, Marco",146,0.257,2022
109502535,"Lyles, Jordan",152,1.78,2022
109502931,"May, Trevor",16,-0.226,2022
111498435,"Weems, Jordan",24,-0.152,2022
111128099,"Gallegos, Gio",49,0.881,2022
110294439,"Giles, Ken",4,0.054,2022
110294668,"Keuchel, Dallas",5,-0.039,2022
110295347,"Bundy, Dylan",113,1.181,2022
110294535,"Erlin, Robbie",2,-0.136,2022
111764460,"Buehler, Walker",65,0.949,2022
111499456,"Senzatela, Antonio",92,2.019,2022
37571,"Chacin, Jhoulys",45,0.115,2022
40244,"Kennedy, Ian",42,0.006,2022
3981,"Taillon, Jameson",140,1.359,2022
4448,"Law, Derek",2,-0.135,2022
35850,"Bush, Matt",12,-0.042,2022
111809233,"Patino, Luis",13,-0.115,2022
111800820,"Castillo, Diego",43,0.422,2022
111808726,"Gonsolin, Tony",128,2.626,2022
111808481,"Brosseau, Michael",3,0.018,2022
111781220,"Beede, Tyler",45,-0.169,2022
111796266,"Davidson, Tucker",19,-0.156,2022
111802252,"Sandoval, Patrick",122,3.22,2022
111797951,"Griffin, Foster",4,-0.046,2022
111803630,"Stephan, Trevor",50,1.501,2022
111792367,"Sewald, Paul",53,0.414,2022
111799214,"Sanchez, Cristopher",30,-0.21,2022
111806266,"Vasquez, Andrew",6,-0.117,2022
111799970,"Means, John",8,0.305,2022
110691056,"Snell, Blake",93,2.228,2022
111498061,"Scott, Tayler",12,0.091,2022
110294042,"Astudillo, Willians",2,-0.052,2022
111766587,"Hamilton, Ian",2,-0.137,2022
111499395,"Marquez, German",146,2.365,2022
27099,"Pujols, Albert",1,-0.262,2022
33489,"Chavez, Jesse",38,0.939,2022
47057,"Stammen, Craig",32,-0.139,2022
111808271,"Hall, Darick",0,0.001,2022
111808589,"Diehl, Phillip",5,-0.318,2022
111816475,"Cruz, Jesus",8,-0.296,2022
111809221,"Uceta, Edwin",17,-0.037,2022
111808717,"Nogosek, Steve",19,-0.348,2022
111802287,"De Los Santos, Enyel",42,0.763,2022
111802168,"Cleavinger, Garrett",3,0.142,2022
111811060,"Ruiz, Norge",6,0.273,2022
111806301,"Luzardo, Jesus",65,1.457,2022
111797071,"McKay, David",2,-0.126,2022
111811127,"Zimmermann, Bruce",67,-0.353,2022
111781220,"Beede, Tyler",9,-0.146,2022
111781234,"Gott, Trevor",38,0.228,2022
111803692,"Diaz, Alexis",51,0.988,2022
111805117,"Foley, Jason",50,1.107,2022
111792141,"Stripling, Ross",101,2.499,2022
111792212,"Selman, Sam",14,-0.059,2022
111805574,"Helsley, Ryan",53,1.509,2022
111819406,"Knehr, Reiss",12,0.196,2022
111799332,"Abreu, Albert",4,-0.16,2022
111792889,"Okert, Steven",46,-0.065,2022
111806497,"Castro, Kervin",1,0.041,2022
111806256,"Gilbert, Tyler",34,-0.296,2022
111807371,"Doval, Camilo",53,0.635,2022
111800563,"Holloway, Jordan",2,0.038,2022
111818372,"Ohtani, Shohei",128,4.198,2022
111819546,"Tyler, Kyle",4,0.063,2022
111806670,"Garrett, Braxton",68,1.119,2022
111792980,"Hader, Josh",34,0.435,2022
111817675,"Bradish, Kyle",80,0.405,2022
111811163,"Junk, Janson",8,0.181,2022
111797056,"Ryu, Hyun-Jin",27,0.193,2022
111793003,"Wendelken, J.B.",29,-0.225,2022
111807254,"Kuhnel, Joel",44,0.595,2022
109501359,"Smith, Will",37,-0.185,2022
111332788,"Martin, Chris",11,0.333,2022
110816099,"Ellis, Chris",4,-0.086,2022
111498351,"Elias, Roenis",7,-0.025,2022
110847092,"Ray, Robbie",155,2.064,2022
111766238,"Szapucki, Thomas",1,-0.448,2022
76119372,"Raley, Brooks",44,1.095,2022
53885,"Anderson, Chase",2,-0.217,2022
35304,"Cueto, Johnny",123,1.832,2022
111808203,"Pallante, Andre",97,0.832,2022
111809236,"Contreras, Roansy",68,0.292,2022
111801324,"Thompson, Zach",108,-0.171,2022
111809491,"Estrada, Jeremiah",1,0.028,2022
111801885,"Ynoa, Huascar",6,-0.113,2022
111805030,"McClanahan, Shane",147,4.079,2022
111801825,"Effross, Scott",8,0.071,2022
111801326,"Bernardino, Brennan",2,-0.044,2022
111809565,"Rodriguez, Manuel",4,0.081,2022
111818961,"Plassmeyer, Michael",1,0.04,2022
111792194,"Milner, Hoby",51,0.778,2022
111824902,"Brieske, Beau",81,0.364,2022
111805311,"Cyr, Tyler",0,-0.14,2022
111793272,"Stroman, Marcus",101,1.839,2022
111793279,"Castillo, Jose",1,0.0,2022
111806074,"Heasley, Jon",70,-0.108,2022
111793353,"Underwood Jr., Duane",43,0.587,2022
111814865,"Sulser, Beau",9,-0.037,2022
111806336,"Manoah, Alek",155,3.266,2022
111796232,"Smeltzer, Devin",70,-0.137,2022
111792261,"Sims, Lucas",6,0.005,2022
111800009,"Merryweather, Julian",18,0.206,2022
111798757,"Middleton, Keynan",11,-0.018,2022
111792613,"Stephens, Jackson",44,0.584,2022
109503831,"Banuelos, Manny",20,0.181,2022
111498445,"Suter, Brent",52,0.429,2022
111498571,"Estevez, Carlos",47,0.608,2022
110816096,"Musgrove, Joe",149,3.157,2022
110295118,"Greene, Shane",2,0.052,2022
111499800,"Dominguez, Seranthony",44,1.049,2022
111128023,"Leclerc, Jose",36,0.054,2022
76118900,"Hendriks, Liam",46,0.814,2022
36142,"Doolittle, Sean",5,0.222,2022
111829163,"Elder, Bryce",28,0.22,2022
111800991,"Overton, Connor",24,0.722,2022
111801357,"Bummer, Aaron",17,0.23,2022
111817477,"Kerr, Raymond",5,-0.167,2022
111795909,"Trivino, Lou",32,0.107,2022
111806375,"Young, Daniel",2,0.063,2022
111799467,"Steele, Justin",119,3.055,2022
111808498,"Gore, MacKenzie",70,0.628,2022
111810923,"Gilbreath, Lucas",43,0.718,2022
111798870,"Speier, Gabe",19,0.213,2022
111806497,"Castro, Kervin",10,-0.271,2022
111806624,"Sanmartin, Reiver",45,0.075,2022
111813732,"Ashby, Aaron",96,1.286,2022
111806112,"Paddack, Chris",22,0.957,2022
111807915,"Garcia, Rico",6,-0.255,2022
111805264,"Dunn, Justin",23,-0.202,2022
111815576,"Tarnok, Freddy",0,0.026,2022
111801995,"Allen, Logan",1,-0.028,2022
111795908,"Mayza, Tim",36,0.145,2022
111799823,"Castillo, Maximo",5,0.031,2022
111799445,"Rasmussen, Drew",116,2.334,2022
76118512,"Pressly, Ryan",37,1.049,2022
40334,"Bard, Daniel",47,0.92,2022
247,"Boxberger, Brad",49,0.364,2022
924,"Verlander, Justin",152,4.882,2022
53382,"Espino, Paolo",91,0.154,2022
53409,"Strasburg, Stephen",4,-0.023,2022
111835466,"Sawamura, Hirokazu",50,0.264,2022
110678384,"Kolarek, Adam",17,-0.134,2022
109502218,"Cole, Gerrit",164,3.211,2022
109502914,"McHugh, Collin",56,1.188,2022
110290304,"Neris, Hector",54,1.365,2022
111764027,"Clay, Sam",1,0.024,2022
111800715,"Garrett, Reed",7,-0.21,2022
111808650,"Tully, Tanner",6,-0.189,2022
111801408,"Holton, Tyler",9,0.012,2022
111806762,"Wilson, Bryse",82,-0.122,2022
111796101,"Bickford, Phil",49,-0.14,2022
111781171,"Dunning, Dane",134,1.171,2022
111781206,"Lorenzen, Michael",71,0.708,2022
111811826,"Barker, Luke",4,-0.147,2022
111798173,"Pagan, Emilio",51,-0.125,2022
111806493,"Marte, Jose",6,0.06,2022
111818992,"Wilson, Steven",41,-0.088,2022
111793334,"De Jong, Chase",55,0.092,2022
111792821,"Wacha, Michael",95,1.85,2022
111807131,"Holderman, Colin",10,-0.109,2022
111815827,"Beasley, Jeremy",15,-0.157,2022
37693,"Jansen, Kenley",48,0.809,2022
76120898,"Minor, Mike",84,0.054,2022
3339,"Yates, Kirby",5,-0.218,2022
35850,"Bush, Matt",36,0.394,2022
36196,"McGee, Jake",7,-0.049,2022
632,"Robertson, David",40,0.475,2022
109502101,"Perez, Martin",159,3.12,2022
111499710,"Crismatt, Nabil",58,0.894,2022
109502571,"Brazoban, Huascar",17,-0.032,2022
110847749,"Machado, Andres",43,0.098,2022
111357983,"Montgomery, Jordan",30,1.127,2022
110294737,"Ruf, Darin",2,0.023,2022
111766837,"Schrock, Max",1,-0.21,2022
111800734,"Yarbrough, Ryan",68,-0.008,2022
111808969,"Romero, JoJo",2,-0.134,2022
111795851,"Howard, Sam",2,-0.264,2022
111796429,"Carlton, Drew",8,0.137,2022
111798628,"Burke, Brock",68,1.0,2022
111781285,"Nola, Aaron",170,4.973,2022
111805198,"Duran, Jhoan",56,1.009,2022
111798016,"Hughes, Brandon",45,0.189,2022
111824744,"Pepiot, Ryan",31,-0.218,2022
111798777,"Finnegan, Kyle",53,0.426,2022
111792801,"Berrios, Jose",140,0.955,2022
111808044,"Marinaccio, Ron",34,0.363,2022
111804857,"Moran, Jovani",26,0.699,2022
111798742,"Zastryzny, Rob",1,0.038,2022
111793316,"Lopez, Pablo",146,1.938,2022
111792898,"Eflin, Zach",68,1.008,2022
111803561,"Akin, Keegan",68,0.546,2022
111806558,"Castellanos, Humberto",44,0.13,2022
76119195,"Kimbrel, Craig",45,0.902,2022
46988,"Romo, Sergio",14,-0.617,2022
76119178,"Gose, Anthony",21,-0.11,2022
632,"Robertson, David",11,0.164,2022
109502352,"Armstrong, Shawn",6,-0.08,2022
109502163,"Miley, Wade",19,0.476,2022
109502454,"Odorizzi, Jake",25,0.024,2022
111498793,"Krehbiel, Joey",47,-0.112,2022
110816550,"Wisler, Matthew",42,-0.122,2022
111357983,"Montgomery, Jordan",114,1.391,2022
111766564,"Hatch, Tom",4,-0.251,2022
111545998,"Poteet, Cody",28,-0.172,2022
111766796,"Minter, A.J.",55,1.62,2022
111809031,"Dugger, Robert",5,0.274,2022
111801773,"Kowar, Jackson",15,-0.27,2022
111796570,"Newcomb, Sean",16,-0.382,2022
111803760,"Lynch, Daniel",103,1.744,2022
111792505,"Strahm, Matt",31,0.542,2022
111819541,"Alldred, Cam",1,0.039,2022
111792512,"Plawecki, Kevin",1,0.017,2022
111815369,"Winder, Josh",45,0.122,2022
111805520,"Urquidy, Jose",139,1.458,2022
111792883,"Johnson, Pierce",6,0.203,2022
111815934,"Crawford, Kutter",77,0.7,2022
111825831,"Henry, Tommy",31,0.221,2022
111792879,"Sampson, Adrian",65,1.129,2022
111792134,"Head, Louis",23,-0.378,2022
4189,"Thornburg, Tyler",9,0.05299999999999999,2022
32596,"Greinke, Zack",108,1.78,2022
110691661,"Eickhoff, Jerad",4,-0.198,2022
110816226,"Stephenson, Robert",1,0.039,2022
110847706,"Brooks, Aaron",9,-0.258,2022
111499949,"Tinoco, Jesus",5,0.008,2022
109501187,"Givens, Mychal",12,-0.247,2022
111808199,"Blanco, Ronel",6,-0.064,2022
111794985,"Rucker, Michael",42,0.149,2022
111795618,"Pivetta, Nick",147,2.269,2022
111808966,"Swarmer, Matt",34,-0.807,2022
111802060,"De Los Santos, Yerry",25,0.067,2022
111796846,"Ferguson, Caleb",23,0.439,2022
111797566,"Gomber, Austin",111,1.3,2022
111801222,"Fernandez, Junior",15,-0.273,2022
111810699,"Detmers, Reid",103,1.404,2022
111797138,"Soto, Gregory",47,0.356,2022
111798429,"Beeks, Jalen",54,0.536,2022
111807278,"Bender, Anthony",19,-0.185,2022
111815670,"Otto, Glenn",99,-0.295,2022
111799332,"Abreu, Albert",25,0.375,2022
111806596,"Garcia, Rony",51,0.217,2022
111792841,"Blackburn, Paul",111,0.942,2022
25600,"Perez, Oliver",4,-0.14,2022
76120909,"Gibson, Kyle",139,1.716,2022
3559,"Bellatti, Andrew",42,0.617,2022
51946,"Brasier, Ryan",50,0.428,2022
53297,"DeSclafani, Anthony",19,0.062,2022
53161,"Pineda, Michael",42,-0.213,2022
110847272,"Chafin, Andrew",43,1.053,2022
111344875,"Barlow, Scott",62,0.605,2022
111344840,"Montero, Rafael",54,1.105,2022
110295934,"Fulmer, Michael",39,0.553,2022
111809029,"Garcia, Bryan",13,-0.175,2022
111801373,"Thompson, Ryan",42,0.311,2022
111804866,"Gillaspie, Logan",12,0.191,2022
111803637,"Strzelecki, Peter",19,0.495,2022
111805169,"Alcala, Jorge",2,0.007,2022
111805896,"Gibaut, Ian",23,0.451,2022
111799014,"Diaz, Jhonathan",15,0.106,2022
111806953,"Kranick, Max",5,0.058,2022
111815878,"Pop, Zachary",20,0.304,2022
111798887,"Green, Chad",15,0.247,2022
111806791,"Lakins, Travis",10,-0.339,2022
111815672,"Gonzalez, Luis",5,0.033,2022
111793322,"Hoffman, Jeff",44,0.317,2022
111796136,"Urias, Julio",139,2.542,2022
111805563,"Javier, Cristian",120,2.478,2022
2515,"Culberson, Charlie",1,0.013,2022
76120568,"Scherzer, Max",122,3.726,2022
4241,"Cessa, Luis",43,-0.208,2022
4593,"Corbin, Patrick",127,0.634,2022
109502011,"Vizcaino, Arodys",5,-0.206,2022
109502553,"Ramirez, Erasmo",68,0.304,2022
110816930,"Garcia, Jarlin",50,0.122,2022
110816938,"Bradley Jr., Jackie",1,-0.058,2022
111718984,"Appel, Mark",10,0.15,2022
111766287,"Williams, Devin",50,1.43,2022
111808846,"Jackson, Zach",48,0.78,2022
111802281,"Perez, Francisco",8,-0.307,2022
111823254,"Brash, Matthew",37,0.243,2022
111796570,"Newcomb, Sean",5,-0.092,2022
111801789,"Brubaker, Jonathan",127,2.126,2022
111796327,"Valdez, Framber",164,4.177,2022
111802241,"Pilkington, Konnor",45,0.529,2022
111797983,"Cease, Dylan",147,3.839,2022
111793453,"Lemoine, Jake",16,-0.367,2022
111807381,"Bieber, Shane",152,4.739,2022
111799133,"Oviedo, Johan",25,0.098,2022
111806192,"Maton, Phil",52,0.009,2022
111799332,"Abreu, Albert",8,-0.432,2022
111839748,"Suarez, Robert",34,0.083,2022
76119380,"Diekman, Jake",9,-0.149,2022
53112,"Peralta, Wily",38,0.165,2022
29072,"Molina, Yadier",2,-0.231,2022
3555,"Milone, Tommy",16,-0.509,2022
110678246,"Merrifield, Whit",1,-0.147,2022
110294399,"Taylor, Michael",2,-0.115,2022
111499720,"Bracho, Silvino",1,-0.014,2022
111766100,"Darvish, Yu",155,3.416,2022
111766013,"Rodon, Carlos",151,5.089,2022
109998039,"Bethancourt, Christian",1,-0.024,2022
111794503,"Peterson, David",89,1.089,2022
111808847,"Gallen, Zac",145,3.505,2022
111808969,"Romero, JoJo",5,0.22,2022
111801583,"Keller, Mitch",124,1.592,2022
111808965,"Plesac, Zach",127,1.357,2022
111809476,"Hernandez, Carlos",43,-0.192,2022
111796861,"Falter, Bailey",57,-0.237,2022
111792221,"Rogers, Taylor",11,0.176,2022
111798353,"Dozier, Hunter",1,-0.139,2022
111798743,"Mahle, Tyler",14,0.036,2022
111819477,"Hill, Garrett",45,0.026,2022
111800394,"Mejia, Jean Carlos",2,-0.104,2022
111793511,"Yacabonis, James",3,-0.164,2022
111815882,"Clement, Ernie",2,-0.233,2022
111816020,"McCarty, Kirk",22,-0.584,2022
111815679,"Peacock, Matt",7,0.149,2022
111799215,"Wright, Kyle",154,3.732,2022
111797956,"Faedo, Alex",53,0.425,2022
111815917,"Romero, Tommy",4,-0.3,2022
41979,"Hunter, Tommy",15,-0.029,2022
4449,"Barnhart, Tucker",1,0.015,2022
4554,"Urena, Jose",56,0.516,2022
3506,"Harrison, Josh",3,-0.118,2022
109501926,"Kelly, Joe",28,0.228,2022
109502454,"Odorizzi, Jake",60,1.275,2022
111128103,"Lopez, Jorge",11,0.197,2022
110816473,"Crick, Kyle",15,0.233,2022
110847047,"Junis, Jake",82,1.115,2022
110294122,"Mikolas, Miles",168,2.695,2022
111764027,"Clay, Sam",4,-0.246,2022
111499600,"Castro, Anthony",13,-0.551,2022
109501187,"Givens, Mychal",40,0.336,2022
111795008,"Smith, Drew",41,-0.188,2022
111809011,"Snead, Kirby",34,-0.493,2022
111795151,"Banks, Tanner",47,0.45,2022
111808985,"Smith, Chad",5,-0.005,2022
111809580,"Naughton, Packy",28,0.43,2022
111818762,"Sandlin, Nick",35,0.298,2022
111806130,"Naile, James",6,0.184,2022
111793147,"Hudson, Dakota",126,1.211,2022
111801765,"Iglesias, Raisel",35,0.522,2022
111818950,"Ryan, Joe",118,1.211,2022
111805328,"Morejon, Adrian",24,0.308,2022
111798641,"Nelson, Nick",60,0.872,2022
111800062,"Norwood, James",17,0.119,2022
111793636,"Farmer, Buck",33,0.628,2022
111793385,"Giolito, Lucas",128,1.553,2022
111807057,"Wells, Alexander",3,-0.109,2022
111792543,"Mills, Alec",17,-0.585,2022
111806599,"Peguero, Elvis",17,-0.225,2022
111820343,"Meyer, Max",6,-0.109,2022
111812248,"King, John",34,-0.105,2022
111818442,"Fletcher, Aaron",11,-0.256,2022
111792770,"Moll, Sam",40,-0.059,2022
52189,"Garcia, Luis",48,0.852,2022
33489,"Chavez, Jesse",5,-0.059,2022
111498070,"Castro, Harold",4,0.014,2022
110847817,"Perdomo, Luis",10,0.027,2022
110295849,"Brice, Austin",6,0.099,2022
111498997,"Ladwig, A.J.",3,-0.236,2022
111794422,"Brentz, Jake",5,-0.209,2022
111801065,"Webb, Logan",165,3.867,2022
111809113,"Adon, Joan",64,0.214,2022
111801347,"Hill, Tim",38,0.668,2022
111811190,"Brogdon, Connor",32,0.424,2022
111792162,"Barraclough, Kyle",9,0.21,2022
111797406,"Reed, Jake",4,0.067,2022
111812170,"Fleming, Josh",26,0.022,2022
111812168,"Butto, Jose",4,-0.152,2022
111797687,"Peralta, Freddy",68,1.892,2022
111792211,"Floro, Dylan",38,0.188,2022
111792469,"Leone, Dominic",47,0.237,2022
111793356,"Cotton, Jharel",35,-0.466,2022
111799491,"Hernandez, Darwinzon",6,-0.564,2022
111816009,"Weathers, Ryan",3,0.0,2022
111801876,"Reyes, Denyi",7,0.169,2022
111796969,"Young, Alex",12,0.153,2022
111781407,"Thompson, Keegan",104,0.714,2022
111806807,"Lopez, Alejo",1,-0.107,2022
111813749,"Snyder, Nick",1,-0.092,2022
111804832,"Rainey, Tanner",30,0.108,2022
111498355,"Barnes, Jacob",20,-0.258,2022
111716382,"Severino, Luis",86,0.996,2022
111833249,"Arihara, Kohei",15,0.041,2022
76119179,"Bass, Anthony",12,0.032,2022
53647,"Quintana, Jose",103,2.23,2022
53789,"O'Day, Darren",21,0.162,2022
109501334,"Holland, Greg",4,-0.313,2022
111808178,"Baez, Michel",2,0.076,2022
111800704,"Martin, Brett",45,0.23,2022
111809031,"Dugger, Robert",10,-0.131,2022
111808547,"Ramirez, Yohan",11,0.03,2022
111796539,"Caratini, Victor",1,-0.047,2022
111796079,"Mushinski, Parker",7,0.158,2022
111798195,"Flaherty, Jack",8,-0.152,2022
111805180,"Ortega, Oliver",34,-0.118,2022
111805489,"Schreiber, John",52,1.434,2022
111799580,"Quijada, Jose",27,0.455,2022
111806375,"Young, Daniel",3,-0.064,2022
111807332,"Baumann, Michael",12,-0.005,2022
111803411,"Woodford, Jake",33,0.405,2022
111797994,"Reid-Foley, Sean",10,-0.146,2022
111798271,"Cimber, Adam",55,0.715,2022
111825770,"Hoeing, Bryan",5,-0.207,2022
111806831,"Assad, Javier",9,0.125,2022
111800573,"Houck, Tanner",60,0.974,2022
110678611,"Alberto, Hanser",6,-0.149,2022
111498709,"Mazza, Chris",5,-0.489,2022
110290363,"Valdez, Phillips",16,0.128,2022
4573,"Robles, Hansel",24,-0.306,2022
33715,"Clippard, Tyler",5,-0.207,2022
109501158,"Kittredge, Andrew",20,-0.15,2022
111808088,"White, Mitchell",56,0.531,2022
111808701,"Lowther, Zacary",5,-0.005,2022
111808548,"Lambert, James",34,0.478,2022
111801996,"Singer, Brady",121,2.798,2022
111796240,"Jimenez, Joe",51,1.56,2022
111801955,"Avila, Pedro",4,-0.058,2022
111781216,"Harvey, Hunter",24,0.816,2022
111795909,"Trivino, Lou",11,0.083,2022
111797406,"Reed, Jake",6,-0.35,2022
111781317,"Lamet, Dinelson",8,0.068,2022
111792134,"Head, Louis",5,-0.029,2022
111811631,"Gray, Josiah",123,-0.246,2022
111798633,"Sheffield, Justus",6,0.082,2022
111805295,"Lopez, Yoan",11,-0.172,2022
111813757,"Sears, J.P.",21,0.136,2022
111799566,"Gutierrez, Vladimir",36,-0.383,2022
111793383,"Gausman, Kevin",140,5.552,2022
111793456,"Mantiply, Joe",52,1.126,2022
111792887,"McCullers Jr., Lance",16,0.216,2022
111792884,"Verhagen, Drew",21,-0.556,2022
111793476,"Gonzalez, Chi Chi",11,-0.132,2022
111806907,"Jimenez, Dany",34,0.266,2022
111805774,"Perez, Cionel",45,0.71,2022
111807692,"Rogers, Trevor",93,0.474,2022
111792952,"Bard, Luke",1,0.013,2022
4453,"Matz, Steve",42,0.625,2022
76119400,"Moore, Matt",60,0.862,2022
33489,"Chavez, Jesse",10,-0.049,2022
110678499,"Montas, Frankie",104,1.934,2022
110678652,"Rodriguez, Eduardo",50,0.792,2022
111498176,"Bassitt, Chris",148,2.377,2022
111766477,"Stanek, Ryne",44,0.604,2022
111766238,"Szapucki, Thomas",4,0.067,2022
111766838,"Murphy, Patrick",5,-0.099,2022
111795047,"Staumont, Josh",37,0.212,2022
111803360,"Francis, Bowden",0,0.026,2022
111809611,"Strider, Spencer",106,3.963,2022
111797982,"Severino, Anderson",7,0.114,2022
111798743,"Mahle, Tyler",104,2.574,2022
111805425,"Martinez, Adrian",29,-0.079,2022
111798707,"Schwindel, Frank",3,-0.494,2022
111806382,"Jefferies, Daulton",39,0.543,2022
111819936,"Gaddis, Hunter",3,-0.182,2022
111793351,"Heaney, Andrew",46,0.973,2022
111800277,"Davis, Austin",54,0.452,2022
111815306,"Murfee, Penn",54,0.828,2022
111805424,"Gil, Luis",4,0.147,2022
111815586,"Mills, Wyatt",8,0.073,2022
111811176,"Wantz, Andrew",37,0.042,2022
111815504,"Sanders, Phoenix",14,0.357,2022
111825468,"Kilian, Caleb",11,0.061,2022
3876,"Gordon, Dee",1,-0.223,2022
76119377,"Grimm, Justin",15,-0.037,2022
110691143,"Hager, Jake",2,0.054,2022
110816233,"Payamps, Joel",4,0.127,2022
111808400,"Karinchak, James",23,0.879,2022
111816810,"Greene, Hunter",102,1.055,2022
111804802,"Vespi, Nick",22,0.119,2022
111792507,"Adams, Austin",2,-0.034,2022
111801765,"Iglesias, Raisel",10,0.251,2022
111811592,"Whitlock, Garrett",73,1.662,2022
111812114,"Howard, Spencer",37,-0.783,2022
111812293,"Jones, Damon",4,-0.11,2022
111805914,"Neidert, Nick",5,0.02,2022
111793335,"Almonte, Yency",31,0.346,2022
111805475,"Bubic, Kris",105,0.809,2022
111792484,"Wood, Alex",130,2.12,2022
111806992,"May, Dustin",11,0.452,2022
111799049,"Duarte, Daniel",2,-0.139,2022
111793146,"Crowe, Wil",66,0.359,2022
111797936,"Peters, Dillon",39,-0.147,2022
4448,"Law, Derek",3,0.048,2022
3032,"Anderson, Tyler",147,2.98,2022
76119331,"Strickland, Hunter",50,-0.214,2022
875,"Smith, Joe",27,-0.621,2022
76119179,"Bass, Anthony",44,1.104,2022
53647,"Quintana, Jose",29,0.603,2022
109502352,"Armstrong, Shawn",41,0.349,2022
109502519,"Grichuk, Randal",1,0.021,2022
110691214,"Syndergaard, Noah",80,1.263,2022
109503766,"Shaw, Bryan",46,-0.196,2022
111498150,"Clevinger, Mike",85,0.664,2022
110294668,"Keuchel, Dallas",18,0.013,2022
110847024,"Moronta, Reyes",23,-0.266,2022
110295779,"Sadzeck, Connor",3,-0.206,2022
109501484,"Sale, Chris",5,0.188,2022
111766739,"Reyes, Pablo",1,0.017,2022
111808268,"De Jesus, Angel",9,-0.168,2022
111808796,"Oller, Adam",68,-0.964,2022
111801894,"Castillo, Diego",2,-0.225,2022
111802037,"Espinoza, Anderson",18,-0.494,2022
111801995,"Allen, Logan",6,0.101,2022
111810919,"Lange, Alex",51,0.631,2022
111781097,"Williams, Trevor",69,0.328,2022
111815748,"Logue, Zach",53,-0.393,2022
111819016,"Warren, Austin",16,-0.164,2022
111781409,"Sheffield, Jordan",2,0.001,2022
111792361,"Banda, Anthony",6,0.014,2022
111792575,"Wittgren, Nick",29,0.169,2022
111792721,"Goudeau, Ashton",20,0.047,2022
111806287,"Bolanos, Ronald",18,-0.179,2022
111815166,"Clemens, Kody",4,0.026,2022
111815903,"Morgan, Eli",51,0.36,2022
111815959,"Ober, Bailey",33,0.959,2022
111816299,"Garcia, Luis",128,1.964,2022
76118336,"Cishek, Steve",54,-0.228,2022
40829,"Detwiler, Ross",26,0.007,2022
76119350,"McFarland, TJ",32,-0.379,2022
29371,"Sanchez, Anibal",46,-0.542,2022
110847024,"Moronta, Reyes",3,0.056,2022
111498701,"Gsellman, Robert",15,0.058,2022
110295577,"Norris, Daniel",14,-0.288,2022
110310173,"Mayers, Mike",38,-0.709,2022
110343989,"Dermody, Matt",1,-0.028,2022
111766601,"Alvarado, Jose",39,0.813,2022
110295409,"Bradley, Archie",18,0.235,2022
111808259,"Thompson, Mason",8,0.15,2022
111768168,"Kikuchi, Yusei",87,-0.716,2022
111808547,"Ramirez, Yohan",2,-0.011,2022
111808722,"Martinez, Seth",35,0.386,2022
111795738,"Weaver, Luke",9,0.107,2022
111798391,"Leiter Jr., Mark",56,0.0,2022
111798169,"Mayfield, Jack",1,0.015,2022
111796910,"Bautista, Felix",58,0.994,2022
111798199,"Megill, Trevor",37,0.546,2022
111781221,"Widener, Taylor",4,-0.124,2022
111805807,"Romero, Jhon",5,0.183,2022
111799392,"Sousa, Bennett",20,-0.221,2022
111807340,"Kremer, Dean",83,1.643,2022
111797999,"Chang, Yu-Cheng",2,-0.134,2022
111805356,"Clase, Emmanuel",54,1.697,2022
111799643,"Foster, Matt",44,0.174,2022
111792456,"Diaz, Edwin",52,2.027,2022
111814865,"Sulser, Beau",10,-0.034,2022
111806977,"Serven, Brian",1,-0.009,2022
111807584,"Civale, Aaron",75,1.265,2022
111800475,"Vieaux, Cam",8,-0.054,2022
3851,"Luetge, Lucas",47,0.566,2022
3656,"Hendricks, Kyle",84,0.611,2022
46640,"Valdez, Cesar",1,0.015,2022
110678044,"Peralta, Wandy",49,0.626,2022
109502225,"Familia, Jeurys",6,-0.016,2022
110678600,"Shreve, Chasen",26,-0.328,2022
111478015,"Burr, Ryan",9,-0.266,2022
109998194,"Bleier, Richard",39,0.171,2022
110295577,"Norris, Daniel",30,-0.323,2022
110295934,"Fulmer, Michael",13,0.13,2022
109501290,"Kelly, Merrill",157,3.729,2022
111800718,"Stout, Eric",3,0.008,2022
111795057,"Walton, Donnie",1,-0.157,2022
111808727,"Poppen, Sean",25,-0.038,2022
111768836,"Marte, Yunior",33,-0.015,2022
111801550,"Brigham, Jeff",9,0.21,2022
111803426,"Thornton, Trent",44,-0.108,2022
111797620,"Arano, Victor",41,0.408,2022
111805896,"Gibaut, Ian",1,-0.015,2022
111792357,"Blach, Ty",39,0.373,2022
111798937,"Diplan, Marcos",5,0.09,2022
111813621,"O'Brien, Riley",1,0.001,2022
111824681,"Thompson, Zack",24,0.204,2022
111806416,"McKenzie, Triston",152,2.603,2022
111792791,"Coulombe, Daniel",12,0.069,2022
111806399,"Anderson, Ian",111,1.729,2022
111807059,"Burnes, Corbin",158,4.012,2022
111815320,"Solomon, Jared",8,-0.243,2022
111798665,"Sulser, Cole",28,0.202,2022
111816350,"Bello, Brayan",26,0.599,2022
110678499,"Montas, Frankie",25,-0.086,2022
110690994,"Hembree, Heath",1,0.038,2022
110816011,"Ramirez, Noe",50,-0.474,2022
111415983,"Nance, Tommy",35,0.325,2022
110294440,"Sanchez, Aaron",31,-0.006,2022
110691800,"Treinen, Blake",3,0.003,2022
109501727,"Eovaldi, Nathan",99,1.166,2022
111793838,"Smith, Caleb",50,-0.893,2022
111808628,"Hall, Dayton",3,0.119,2022
111816865,"Silseth, Chase",28,-0.184,2022
111808547,"Ramirez, Yohan",8,-0.392,2022
111796969,"Young, Alex",0,0.024,2022
111798161,"Rogers, Tyler",59,0.33,2022
111805158,"Paredes, Enoli",3,-0.01,2022
111797637,"Barria, Jaime",69,0.139,2022
111799113,"Graveman, Kendall",54,0.533,2022
111799181,"Cortes Jr., Nestor",131,2.39,2022
111805596,"Stubbs, Garrett",2,-0.405,2022
111799919,"Scott, Tanner",53,0.15,2022
111811873,"Bird, Jake",32,-0.004,2022
111806290,"Duron, Nick",1,0.038,2022
111806755,"Curry, Xzavion",5,0.173,2022
111815855,"Whitley, Kodi",12,-0.236,2022
76119175,"Colome, Alex",43,0.543,2022
111828917,"Koenig, Jared",28,-0.355,2022
109501882,"Gray, Sonny",100,2.043,2022
111716280,"Castro, Miguel",27,0.143,2022
110980004,"Gray, Jon",103,1.853,2022
110294668,"Keuchel, Dallas",32,-0.224,2022
111800743,"Kaprielian, James",109,-0.295,2022
111802324,"Fedde, Erick",100,0.537,2022
111797194,"Ogando, Cristofer",2,0.01,2022
111798418,"Martin, Corbin",22,-0.004,2022
111805266,"Stashak, Cody",16,0.441,2022
111792815,"Chargois, J.T.",5,0.119,2022
111799419,"Reyes, Gerardo",2,-0.203,2022
111800018,"Misiewicz, Anthony",0,-0.16,2022
111793364,"Borucki, Ryan",6,-0.219,2022
111798177,"Keller, Brad",126,1.463,2022
111792221,"Rogers, Taylor",41,0.944,2022
111819446,"Vesia, Alex",43,0.973,2022
111792534,"Castillo, Luis",85,2.493,2022
111806318,"Phillips, Evan",51,1.268,2022
111796391,"Loaisiga, Jonathan",32,0.1,2022
111820348,"Grove, Michael",9,0.168,2022
32586,"Hill, Rich",89,1.526,2022
4805,"Loup, Aaron",46,0.39,2022
109502309,"Wheeler, Zack",138,3.535,2022
110678616,"Chapman, Aroldis",30,-0.232,2022
110677994,"German, Domingo",42,0.454,2022
110678619,"Tapia, Domingo",15,-0.147,2022
110690994,"Hembree, Heath",16,-0.746,2022
109503229,"Lynn, Lance",84,1.185,2022
110295555,"Kelly, Michael",4,-0.077,2022
110816038,"Lawrence, Casey",15,-0.398,2022
111498240,"Devenski, Chris",10,-0.017,2022
111764348,"Garza, Ralph",35,-0.496,2022
111764670,"Cuas, Jose",30,0.113,2022
111766671,"McGuire, Reese",1,0.017,2022
111809040,"Baz, Shane",27,0.141,2022
111802249,"Allard, Kolby",17,-0.825,2022
111801239,"Sands, Cole",23,0.092,2022
111797521,"Santana, Dennis",44,0.584,2022
111801749,"Toussaint, Touki",23,-0.075,2022
111812372,"Batten, Matthew",2,-0.105,2022
111792213,"Alvarez, R.J.",2,-0.284,2022
111805213,"Richards, Trevor",51,0.019,2022
111792952,"Bard, Luke",14,0.022,2022
111799823,"Castillo, Maximo",20,0.052,2022
111806559,"Munoz, Andres",53,1.345,2022
111807528,"Weissert, Greg",4,0.03,2022
111793475,"Alexander, Tyler",68,0.058,2022
111806321,"Warren, Art",34,0.158,2022
111797419,"Irvin, Cole",147,1.863,2022
111806936,"Manning, Matt",40,0.656,2022
76118937,"Baez, Pedro",2,-0.024,2022
3213,"Kahnle, Tommy",4,-0.24,2022
76119380,"Diekman, Jake",38,-0.141,2022
52101,"Morton, Charlie",140,2.616,2022
52386,"Melancon, Mark",44,0.366,2022
36196,"McGee, Jake",5,-0.141,2022
110691214,"Syndergaard, Noah",30,0.65,2022
110691337,"Gustave, Jandel",28,0.061,2022
110816452,"Houser, Adrian",80,1.156,2022
110816226,"Stephenson, Robert",44,0.221,2022
111499398,"Ruiz, Jose",50,0.142,2022
110294440,"Sanchez, Aaron",12,0.391,2022
110294164,"Rodriguez, Joely",38,0.246,2022
110294040,"Markel, Parker",3,-0.072,2022
111766398,"Voth, Austin",59,0.952,2022
111716082,"Coonrod, Sam",6,0.143,2022
111808086,"Baker, Bryan",53,1.031,2022
111800718,"Stout, Eric",13,0.083,2022
111768754,"Castellani, Ryan",2,0.052,2022
111808478,"Bednar, David",46,0.992,2022
111800924,"Feyereisen, J.P.",24,0.751,2022
111802102,"Rodriguez, Elvin",26,-0.743,2022
111806284,"Wentz, Joey",6,0.206,2022
111796266,"Davidson, Tucker",15,0.146,2022
111798371,"Kinley, Tyler",24,0.845,2022
111798558,"Fry, Paul",12,-0.004,2022
111805683,"Fairbanks, Peter",15,0.564,2022
111806395,"Lee, Evan",8,-0.107,2022
111798073,"Schmidt, Clarke",37,0.344,2022
111824686,"Lodolo, Nick",67,1.293,2022
111813411,"Mize, Casey",10,0.124,2022
111800018,"Misiewicz, Anthony",13,-0.006,2022
111801289,"Feltner, Ryan",67,0.638,2022
111792235,"Koch, Matt",4,-0.214,2022
111805901,"Lawrence, Justin",26,0.562,2022
76119321,"Alexander, Scott",3,0.117,2022
53361,"Cobb, Alex",111,2.941,2022
111210659,"Romano, Jordan",50,0.749,2022
109502881,"Matzek, Tyler",32,0.216,2022
110678865,"Smyly, Drew",89,1.425,2022
111128103,"Lopez, Jorge",48,0.801,2022
111764273,"Sborz, Josh",22,0.048,2022
110295771,"Walker, Taijuan",122,1.622,2022
110294401,"Sanchez, Yolmer",1,0.017,2022
111809127,"Morales, Francisco",5,-0.251,2022
111808988,"Lee, Dylan",38,0.851,2022
111817757,"Nardi, Andrew",5,-0.044,2022
111812289,"Hjelle, Sean",6,0.236,2022
111802115,"Little, Brendon",0,-0.181,2022
111811651,"Nelson, Kyle",34,0.635,2022
111805984,"Saucedo, Tayler",2,-0.408,2022
111813757,"Sears, J.P.",22,0.335,2022
111793526,"Zeuch, TJ",10,-0.47,2022
111807881,"Wells, Tyler",94,0.998,2022
111792467,"Stratton, Chris",12,0.221,2022
111798780,"Wynns, Austin",2,-0.155,2022
111792934,"Wick, Rowan",55,0.117,2022
111807073,"Santos, Gregory",3,-0.016,2022
111814800,"Abbott, Cory",24,-0.312,2022
76118906,"Leon, Sandy",2,0.034,2022
109503362,"Cisnero, Jose",12,0.021,2022
110847035,"Rodriguez, Dereck",4,-0.332,2022
109998082,"Brebbia, John",54,0.822,2022
111498803,"Martinez, Nick",93,0.023,2022
111499120,"Lugo, Seth",51,0.394,2022
110294077,"Hutchison, Drew",76,0.542,2022
111795903,"Castano, Daniel",35,-0.077,2022
111811110,"Ort, Kaleb",17,0.11,2022
111795076,"Danish, Tyler",31,-0.038,2022
111801805,"Santillan, Tony",19,0.175,2022
111803671,"Festa, Matt",40,0.306,2022
111797403,"Hendrix, Ryan",8,0.094,2022
111805450,"Clarke, Taylor",47,0.673,2022
111805369,"Sedlock, Cody",3,0.083,2022
111805541,"Moreta, Dauri",31,-0.339,2022
111792467,"Stratton, Chris",40,0.329,2022
111824637,"Fisher, Nate",3,-0.015,2022
111792987,"Lopez, Reynaldo",50,1.76,2022
111793531,"Taylor, Blake",16,-0.069,2022
111815465,"Martin, Davis",39,0.226,2022
111799194,"Ford, Mike",1,-0.138,2022
111807713,"Rondon, Angel",5,0.061,2022
111800581,"Watkins, Spenser",88,1.0,2022
111814959,"Vest, Will",50,0.892,2022
111793364,"Borucki, Ryan",19,-0.313,2022
111793511,"Yacabonis, James",9,-0.196,2022
111815607,"Kelly, Zack",2,0.103,2022
40473,"Ottavino, Adam",52,0.685,2022
4375,"Richards, Garrett",42,0.39,2022
36196,"McGee, Jake",21,0.025,2022
47695,"Archer, Chris",95,0.967,2022
111498749,"Garrett, Amir",36,0.52,2022
111766398,"Voth, Austin",18,-0.1,2022
111809021,"Miller, Tyson",3,-0.118,2022
111795738,"Weaver, Luke",16,0.329,2022
111798186,"Knight, Dusten",8,-0.19,2022
111803573,"Graterol, Brusdar",44,0.579,2022
111809500,"Winckowski, Josh",63,0.302,2022
111801825,"Effross, Scott",44,1.202,2022
111801276,"Medina, Adonis",23,0.025,2022
111796111,"Guerra, Javier",6,-0.287,2022
111818791,"Roberts, Ethan",7,-0.341,2022
111801937,"Suarez, Jose",79,0.904,2022
111805497,"Yajure, Miguel",15,-0.294,2022
111793542,"Kopech, Michael",110,1.203,2022
111817072,"Bruihl, Justin",17,-0.116,2022
111815586,"Mills, Wyatt",18,0.165,2022
36088,"Price, David",38,0.155,2022
110678728,"Feliz, Michael",3,-0.064,2022
109503831,"Banuelos, Manny",8,0.196,2022
111450068,"Knebel, Corey",44,-0.125,2022
111766439,"Pinder, Chad",1,-0.091,2022
109998039,"Bethancourt, Christian",2,0.048,2022
